1,Rasla Foucard,Porsgrunn,10000
2,Joletta Lemerle,Yaroslavl,10500
3,Iolanthe Prestney,Oslo,11000
4,Ethelbert Dorking,Gantang,11500
5,Gavrielle Illidge,Sebasang,12000
6,Elaina Oakden,Siemiatycze,12500
7,Lek Sandcraft,General Enrique Mosconi,13000
8,Jeannine Radford,Sarandë,13500
9,Paige Landreth,Kushima,14000
10,Corene Rhodus,Velykyy Burluk,14500
11,Kiah Suttell,Ceará Mirim,15000
12,Ailsun Neeves,Pasirbatang,15500
13,Vivien Conwell,Gugark’,16000
14,Cally Childers,Jiazhuyuan,16500
15,Abbe Paik,El Corozo,17000
16,Rosaleen Caselick,Calceta,17500
17,Ambrosi MacClinton,Changyuan,18000
18,Zeke Culbard,Rizal,18500
19,Milena Eadmeades,Santa María de Jesús,19000
20,Miran Crilley,Helin,19500
21,Alexis Gallihawk,Hepu,20000
22,Basia Beadnell,Alajuela,20500
23,Claudio Beveridge,Santiago,21000
24,Lyda Davidoff,Dolores,21500
25,Maure Domsalla,Socorro,22000
26,Niven Gadsdon,Concordia,22500
27,Lorinda Kesten,Biryukove,23000
28,Leo Scutter,Wleń,23500
29,Pearce MacRonald,Kumo,24000
30,Brooks McKeurton,Ungus-Ungus,24500
31,Fayette Camplen,General Luna,25000
32,Zarah Sammes,Pedro Miguel,25500
33,Cordey Pietersma,Taibao,26000
34,Richard Cameli,Mundão,26500
35,Amory Fiveash,Alcala,27000
36,Reggi Brugsma,Maïné Soroa,27500
37,Daphne Island,Baishui,28000
38,Janaye MacAleese,Liangshuijing,28500
39,Godiva Proger,Mafa,29000
40,Ninette Scudder,Nioki,29500
41,Loutitia Vaneev,Málaga,30000
42,Barthel Andryushchenko,Morrison,30500
43,Jobina Whitmore,Bom Jesus da Lapa,31000
44,Fonzie Merritt,Wenfu,31500
45,Jaime Placstone,Mysove,32000
46,Diena Dallander,Kao Liao,32500
47,Ciro Windham,Kristianstad,33000
48,Wolf Pougher,Mrgavan,33500
49,Marrissa Rodman,Punsu,34000
50,Had Dobell,Mâcon,34500
51,Codee Gynni,Buy,35000
52,Laney Havercroft,Kanganpur,35500
53,Maryanna McKeaveney,Linköping,36000
54,Perceval Prinn,Chouto,36500
55,Carree McAusland,Watergrasshill,37000
56,Merci Izard,Polyarnyy,37500
57,Antony Kinver,Real,38000
58,Bonnie Lundbeck,Odintsovo,38500
59,Susi Spensly,Nan’an,39000
60,Dwain Gouldstone,Langtang,39500
61,Abbey Winwood,Hamm,40000
62,Bernardina Vasilchikov,Daxin,40500
63,Corbin Bottoms,Zürich,41000
64,Brandice Steere,Tanjungbalai,41500
65,Frank Shute,Amboasary,42000
66,Mariam Durram,Illushi,42500
67,Earl Hutsby,Qiligang,43000
68,Madelina Sextone,Foxrock,43500
69,Lanae Elvish,Babantar,44000
70,Wolfie Lewisham,Subottsi,44500
71,Roi Jerrard,Mochumí,45000
72,Jennine Dolle,Dongchengyuan,45500
73,Abby Cortes,Itabirito,46000
74,Ibby Ciccotti,Farsta,46500
75,Devon Leemans,Novais,47000
76,Lawrence Huggins,George Hill,47500
77,Illa Spurret,Karlskoga,48000
78,Mirna Abriani,Qiankou,48500
79,Andreana Comerford,El Bálsamo,49000
80,Barbey Bridgewood,Filipowice,49500
81,Morgun Dulson,Vinica,50000
82,Lark Treversh,Ribeirão das Neves,50500
83,Libbi Pillans,Vodnyy,51000
84,Rickie Ginner,Honglu,51500
85,Berkie Lycett,Zuogaiduoma,52000
86,Cara Leneham,Kristinehamn,52500
87,Shaylynn Norton,San Pablo,53000
88,Clarabelle Hodjetts,Saint-Pierre,53500
89,Dory Roscher,Łukowa,54000
90,Tobe Arnald,Delod Pangkung,54500
91,Erica McShirrie,La Cruz,55000
92,Howey Redfern,Grand-Bassam,55500
93,Alayne Lamplugh,Kishorganj,56000
94,Candie Corselles,Bamban,56500
95,Hakim Rebichon,Herby,57000
96,Dahlia Whiterod,Kuala Lumpur,57500
97,Tess Manifould,Khallat ad Dār,58000
98,Tedi Odda,Qianguo,58500
99,Kirby Dana,Fangzheng,59000
100,Shaw Eeles,Kafyr-Kumukh,59500
101,Cammi Ruddock,Shiyang,60000
102,Gwenore Puttrell,Jahrom,60500
103,Freeman Andrick,Kanḏay,61000
104,Willem Murthwaite,Liloan,61500
105,Angelle Jankovic,Vyksa,62000
106,Yoko Stolberg,Ban Bueng,62500
107,Cyrillus Fruchon,Haikou,63000
108,Erl Marvel,Grimstad,63500
109,Rouvin Espadas,Karagay,64000
110,Stanleigh Fishbourn,Santa Lucía,64500
111,Myrna Lube,San Cristóbal Verapaz,65000
112,Anton Tungay,Mabusag,65500
113,Didi Gounot,Zhushan,66000
114,Clemens Theodore,Pryazha,66500
115,Paulette Izhak,Youkounkoun,67000
116,Alford Normanville,Jiabeiyan,67500
117,Brendan Leif,Jovellar,68000
118,Cahra Freire,Imatra,68500
119,Vasily Blaxeland,Budziszewice,69000
120,Jeannette Tomashov,Неготино,69500
121,Wilie Jedrzejczak,Ngchesar Hamlet,70000
122,Beatrice Lenthall,Bindang,70500
123,Emmett Colley,Budapest,71000
124,Niki Cheshire,Atengmelang,71500
125,Elsi Pinnell,Yezhu,72000
126,Darcy Mateev,Karangtengah,72500
127,Rebekah Cluse,Ihosy,73000
128,Linn Kensley,Kola,73500
129,Nani Gregr,Malakwal City,74000
130,Evangelina Carefull,Zafar,74500
131,Ruthanne Valdes,Malinovskiy,75000
132,Donna Loddy,Poyang,75500
133,Tybie Edgerly,Loughrea,76000
134,Esta Scrowson,Petaluma,76500
135,Jakie Van Dalen,San Miguel,77000
136,Dunn Gorler,Berlin,77500
137,Archibald Gosselin,eMbalenhle,78000
138,Stephannie Wyett,Broshniv-Osada,78500
139,Lorry Crowch,Tønsberg,79000
140,Blondie Ameer-Beg,Sanski Most,79500
141,Lief Airy,Jabungsisir,80000
142,Rees Martijn,Järna,80500
143,Ronnie Pury,Pyinmana,81000
144,Martyn Braunlein,San Enrique,81500
145,Jamison Oakwell,Smečno,82000
146,Andrus Barwell,Asbest,82500
147,Clayborn Lehrmann,Mqabba,83000
148,Chloe Mabone,Enzan,83500
149,Danny Kerss,Roissy Charles-de-Gaulle,84000
150,Amalee Eisold,Borogontsy,84500
151,Bryanty Cardenosa,Wangchang,85000
152,Emmott Rosenfeld,Weishui,85500
153,Christine Saggs,Baćkowice,86000
154,Ondrea Kemm,Jaguaruana,86500
155,Nanni Setch,Bagahanlad,87000
156,Marijn Dami,Gasi,87500
157,Mason Tschierasche,Knyaze-Volkonskoye,88000
158,Robbyn Wasselin,Göteborg,88500
159,Wandie Habishaw,Thị Trấn Phước Bửu,89000
160,Garold Shouler,Gongdao,89500
161,Herrick Orable,Sanski Most,90000
162,Sabrina Hamper,Darungan,90500
163,Delia Malt,Tonj,91000
164,Lu Schwieso,Summerside,91500
165,Daniella Burgill,Maloyaroslavets,92000
166,Jaquelin Ogglebie,Indaial,92500
167,Martelle Hopkynson,Leworook,93000
168,Bonnibelle Tranckle,Gunungmanik,93500
169,Tann Wogan,Nikolayevka,94000
170,Lexie Tunnoch,Anak,94500
171,Dugald Belcher,Argentan,95000
172,Dex Muro,Quiruvilca,95500
173,Emmery Harbottle,Lérida,96000
174,Ramon D'Enrico,Zhongshu,96500
175,Myer Revey,Talanga,97000
176,Jone Lebbon,Milovice,97500
177,Arthur Parkyns,Okpoga,98000
178,Jacky Grouvel,Urpay,98500
179,Denny Tassel,Si Racha,99000
180,Lolita Mattheissen,Duncans,99500
181,Garnet Matignon,Blerim,100000
182,Leone McGillivray,Sufang,100500
183,Case Kinlock,Bīr Zayt,101000
184,Theresina Budgett,Thị Trấn Hùng Quốc,101500
185,Wendye Milton-White,La Rochelle,102000
186,Richmound Feldhammer,Konstantinovo,102500
187,Babette De Hoogh,Jandayan,103000
188,Lucila Tysall,Santa Rita Village,103500
189,Katuscha Marconi,Saltsjöbaden,104000
190,Lonee Forsyth,Goshogawara,104500
191,Alanah Solan,Gongyi,105000
192,Lewie Gookey,Saitama,105500
193,Alfie McFadden,Studzienice,106000
194,Garold Wiper,Buyuan,106500
195,Emelen Metrick,Zhouzhuang,107000
196,Bambie Earles,Harding,107500
197,Bette-ann Laurenceau,Fort-de-France,108000
198,Dotty Oliveras,Zhonghuopu,108500
199,Linc Le land,Benešov,109000
200,Roz Glasman,Brak,109500
201,Tabb Rounds,Wolong,110000
202,Ali Daunay,Yeniköy,110500
203,Ardelis Squire,Sampao,111000
204,Elli Gouthier,Nanjing,111500
205,Harrietta Smythin,Magsaysay,112000
206,Ilka Hazart,Itajuípe,112500
207,Marthena Siebert,Bordeaux,113000
208,Tomi Casotti,Olofström,113500
209,Laughton Sweetenham,Gaoqiao,114000
210,Jania Lamar,Adani,114500
211,Rose Khidr,Dabao,115000
212,Anthe Curtoys,Vysoké Mýto,115500
213,Prent Tozer,Santa María Chiquimula,116000
214,Raviv Snasel,Reforma,116500
215,Harri Loftie,Sancha,117000
216,Ashley Rozenbaum,Jinquan,117500
217,Patrice Tapsell,Piaocao,118000
218,Kristel Tuddall,Motala,118500
219,Rosy Waddicor,Oni,119000
220,Elvin Mullin,Aykhal,119500
221,Isobel Killford,El Ksour,120000
222,Joshia Devaney,Brandýs nad Labem-Stará Boleslav,120500
223,Aurlie Tombleson,Guxi,121000
224,Corrianne Rosling,Mazamet,121500
225,Myrlene Josebury,Lodwar,122000
226,Fawne Menendes,Limonade,122500
227,Channa Bruford,Sezemice,123000
228,Deina Kinzett,Napierville,123500
229,Edythe Alyukin,Camaçari,124000
230,Stanford Cressingham,Erechim,124500
231,Elga Aronoff,Biguaçu,125000
232,Willetta Fassan,Xicheng,125500
233,Anett Aire,Cangkringan,126000
234,Kurtis Polini,Szeged,126500
235,Haleigh Sheeres,Sundbyberg,127000
236,Spencer MacRury,Yeghvard,127500
237,Dame Lambourne,København,128000
238,Ryley Gariff,Reserva,128500
239,Phedra Le Sieur,Amiens,129000
240,Pat Mantrup,San Jose,129500
241,Veradis Fowls,Garajati,130000
242,Alverta Curner,Gulbene,130500
243,Charlie Whifen,Örebro,131000
244,Penn Duligal,Saint-Ambroise,131500
245,Claudelle Gouldie,Lianhe,132000
246,Gallagher Sheards,Sîr ed Danniyé,132500
247,Tatiania Londing,Lanyi,133000
248,Mile McVicker,Poiares,133500
249,Wainwright Cristofano,Shangtuhai,134000
250,Catherine Drayton,Mirotice,134500
251,Joli Renfree,‘Awartā,135000
252,Sandy Bread,Yangyu,135500
253,Sinclare Le Marchand,Gujiang,136000
254,Gerrie de Guerre,Skärholmen,136500
255,Stefania Nutty,Czerniewice,137000
256,Sophia Aldwich,San Francisco,137500
257,Regine Winterborne,Huixing,138000
258,Donna Lace,Khong Chai,138500
259,Ginger Mardell,São Paio de Gramaços,139000
260,Kris Lathy,Deskáti,139500
261,Nananne Durnall,Tours,140000
262,Manya Tidswell,Kushnarënkovo,140500
263,Feodora Bulbrook,Huayllo,141000
264,Nicolai Petasch,Czerwieńsk,141500
265,Jasmine Itzcovich,Olsztynek,142000
266,Alasteir Skuce,Tyrnyauz,142500
267,Eyde Lorman,Margita,143000
268,Nicolina Jerwood,Goundam,143500
269,Fancy Yosevitz,Villejuif,144000
270,Blisse Creeghan,Okinawa Número Uno,144500
271,Moina Tallach,Qiancheng,145000
272,Lay Wormstone,Itsandra,145500
273,Avery Beedie,Néa Sánta,146000
274,Madalyn Dumper,Cajamarca,146500
275,Malvina Wistance,Yafan,147000
276,Tallulah Mence,Zhuzuo,147500
277,Nero Hars,Tanamiting,148000
278,Willi Palin,Karbunara e Vogël,148500
279,Knox Blampied,Maputo,149000
280,Marve Rosier,Espinheira,149500
281,Hector Syson,Tabuk,150000
282,Lorelei Pitcaithly,Binangun,150500
283,Gav Malenoir,Kashirskoye,151000
284,Jessie Petersen,Limbuhan,151500
285,Isidro Tuffin,Shanglu,152000
286,Hurleigh Godding,Pokrovskoye-Streshnëvo,152500
287,Florri Bedinn,Esparza,153000
288,Panchito Pietranek,Sabaneta,153500
289,Veriee Steward,Al Qadmūs,154000
290,Gherardo Stebbins,Zhuqi,154500
291,Euell Chater,Tangjian,155000
292,Colene Lie,Cihaladan,155500
293,Lorant Dovidian,Tangwei,156000
294,Marybeth Eyckel,Umpak,156500
295,Ardelle Eltringham,Belogorsk,157000
296,Bertie Okenden,Teknāf,157500
297,Merell Kohn,Suwangi Utara,158000
298,Reine Danher,Norrtälje,158500
299,Durand Pierri,Annecy,159000
300,Iorgo Viney,Grande Prairie,159500
301,Nessi Veevers,Kenitra,160000
302,Bonita Bradbeer,Marialva,160500
303,Alisander McGlade,Rajhrad,161000
304,Letta Hounsham,Peuhaq,161500
305,Ned Crisp,Orlovskiy,162000
306,Bethena Hannigan,Ijuí,162500
307,Cullen Olczyk,Guri i Zi,163000
308,Jeramey Darlasson,Áno Kalentíni,163500
309,Taite Sewards,Guanzhuang,164000
310,Glenn Bau,Örebro,164500
311,Sig Karpeev,Ḩadīdah,165000
312,Shantee Oxborrow,Bogatynia,165500
313,Amalee O'Dooghaine,Heling,166000
314,Jacques Matthias,Houbai,166500
315,Ebony Pain,Barra Mansa,167000
316,Raphaela Raoul,Watuagung,167500
317,Rosy Talloe,Florentino Ameghino,168000
318,Freedman Strutt,Dahedian,168500
319,Andras Stockey,Miranda,169000
320,Rebecka Gounod,Strzelce Krajeńskie,169500
321,Yance Pahl,Xinhang,170000
322,Moina Truman,Pochinok,170500
323,Fairfax Stode,Samacá,171000
324,Zackariah Upsale,Ķegums,171500
325,Bearnard Dyne,Mangulile,172000
326,Roscoe Lundberg,Qui Nhon,172500
327,Lannie Camble,Springfield,173000
328,Bard Thecham,Cigoong,173500
329,Maryanne Geill,Žabljak,174000
330,Terri Iashvili,Pavlodol’skaya,174500
331,Christine Ringrose,Oklahoma City,175000
332,Rachelle Stiegars,Allanridge,175500
333,Justinian Najafian,Tolú,176000
334,Idalina Seeley,Daejeon,176500
335,Gill Jobbins,Jenang Selatan,177000
336,Alma Chidzoy,Welibo,177500
337,Xerxes Sherrott,Yug,178000
338,Kermy Labone,Qiting,178500
339,Jennica Stark,Níkaia,179000
340,Alonzo McGarvey,Jiufeng,179500
341,Llewellyn Belbin,Santa Rita Village,180000
342,Iseabal McEnery,Hägersten,180500
343,Pepi Corr,Qingyuan,181000
344,Alick Ambroziak,Nigríta,181500
345,Pammy Gott,Liangshan,182000
346,Eldon Musgrave,Villa María,182500
347,Enrique Bolderoe,Gradec,183000
348,Heinrik Rumney,Puerto Aisén,183500
349,Druci Clemente,Xin’an,184000
350,Addia Woolaghan,Niederwaldkirchen,184500
351,Conrade Farnill,Zhangjiabao,185000
352,Gabi Verdun,Non Sung,185500
353,Isaac Sonner,Canelas,186000
354,Carlos Catterall,Vila Boa do Bispo,186500
355,Roman Voisey,Las Vegas,187000
356,Nealy Blunsen,Ferbane,187500
357,Alexei Parkey,Kafir Qala,188000
358,Maurene Laweles,Mafraq,188500
359,Saunder Brogan,Kujung,189000
360,Brendis Bullier,Lindong,189500
361,Josie Crispe,Moca,190000
362,Georgina Gaskell,Tuojiang,190500
363,Kalina Treleaven,Xinglongchang,191000
364,Lesly Oxborrow,Shchastya,191500
365,Frasquito Gosney,Pasireurih,192000
366,Berty Puddifer,Dschang,192500
367,Devonna Pletts,København,193000
368,Verina McIlwaine,Rybnik,193500
369,Nerty Wimpey,Dabu,194000
370,Kai Robillard,Ulbroka,194500
371,Dannie Grosvener,Aleksotas,195000
372,Chrissie Gillibrand,Kafachan,195500
373,Ingar Lough,Mātli,196000
374,Lockwood Boundley,Soba,196500
375,Cordie Cradey,Xinning,197000
376,Rollo Sivills,Balindong,197500
377,Angela Grassett,Minian,198000
378,Charlean Adamsen,Oematnunu,198500
379,Elspeth St Ledger,Bansalan,199000
380,Osbert Burkinshaw,Ciherang,199500
381,Ermentrude Rebert,Cabalawan,200000
382,Tamar McQuade,Maastricht,200500
383,Jayson Penhall,Dukuhsia,201000
384,Sella Tipper,Cacocum,201500
385,Angelina Hollindale,Caucete,202000
386,Hayyim Chipping,Piaski,202500
387,Stevie Tamblingson,Aramecina,203000
388,Irvine Mc Mechan,Villa Nueva,203500
389,Atalanta Boerder,Nizhnyaya Salda,204000
390,Bondon Sympson,Březová nad Svitavou,204500
391,Ebeneser Gunnell,Isnos,205000
392,Dulcine Beadnall,Cabucgayan,205500
393,Annalee Wilcott,Borovany,206000
394,Gabriele Richin,Kizil,206500
395,Orelee Gerasch,Taytayan,207000
396,Roz Drinkale,Mucurapo,207500
397,Wilhelmina Stanlake,Grand Rapids,208000
398,Shana Summerrell,Chateaubelair,208500
399,Meredeth Aleksich,Pandan,209000
400,Helenelizabeth Borsnall,Chating,209500
401,Bronny Fassbindler,Taquarituba,210000
402,Araldo Yushankin,Delft,210500
403,Devinne Axell,Independencia,211000
404,Delores Voysey,Lins,211500
405,Trent Tregensoe,Tomelilla,212000
406,Myles Lergan,Werota,212500
407,Rosalyn Ault,Nové Strašecí,213000
408,Denise Damarell,Changhe,213500
409,Jacintha Brunicke,Quibdó,214000
410,Urbain Austins,Imrīsh,214500
411,Codie Wilkenson,Água de Pau,215000
412,Maryrose Toy,Luokeng,215500
413,Waly Gillmor,Warwick,216000
414,Rolfe Urquhart,Belozërsk,216500
415,Wyatt Gookey,Hexi,217000
416,Juan Dannatt,Visoko,217500
417,Maureene Rowet,Chikeng,218000
418,Patty Farrens,Baisha,218500
419,Chrystal Snodden,Lederaba,219000
420,Corry Listone,Ringinrejo,219500
421,Amye Mackro,Salanegara,220000
422,Tallia Goddert.sf,Gengwan,220500
423,Ruperto Egle,Likhoy,221000
424,Brandise Olivie,Ignalina,221500
425,Jerald Dell 'Orto,Washington,222000
426,Tyson Lammerts,Sukhirin,222500
427,Granville Bovingdon,Khon Kaen,223000
428,Shanon Smouten,Asino,223500
429,Gladys Sprowles,Sidamukti,224000
430,Falito Huebner,Jiangcun,224500
431,Persis O'Sesnane,Werangere,225000
432,Steven Sidnall,Guanchi,225500
433,Valle Pache,Shanghu,226000
434,Tabatha Westley,Jinxiang,226500
435,Lanna Esposi,Kostryzhivka,227000
436,Johnna Douche,Benavila,227500
437,Killian Burrows,Gemblengmulyo,228000
438,Ingeborg Crocumbe,Cao Thượng,228500
439,Maybelle Learned,Ronggui,229000
440,Loren Careless,Las Vegas,229500
441,Buddy Driuzzi,Las Matas de Farfán,230000
442,Marcus Manning,Baizhang,230500
443,Erhart Sizey,Ḩuwwārah,231000
444,Jada Richardin,Heicheng,231500
445,Nicolai Petch,Verblyany,232000
446,Aubert Sidebotton,El Espino,232500
447,Eb Harston,Västerås,233000
448,Henri Brik,Momignies,233500
449,Gwynne Ambrosio,Floreşti,234000
450,Shurlocke Pracy,Germiston,234500
451,Gill Ravenshear,Cibebek,235000
452,Gwyneth Beeson,Savigny-le-Temple,235500
453,Reggis Eddleston,Ifanes,236000
454,Jacquelynn Glading,Andongsari,236500
455,Nissa Forsbey,Milwaukee,237000
456,Erda Franchyonok,Butterworth,237500
457,Eimile Sturgess,Fort Worth,238000
458,Pascal Codeman,Břeclav,238500
459,Nona MacBarron,Wudui,239000
460,Beverly Fox,Bech,239500
461,Jarvis Bayle,Tianshan,240000
462,Currie Pillifant,Kulykiv,240500
463,Marleah Grafton-Herbert,Neiba,241000
464,Kalli Rosensaft,Kladno,241500
465,Lisabeth Andrzejewski,Ban Fang,242000
466,Bordie Pill,Legrada,242500
467,Isac Cromarty,Santa Inês,243000
468,Elias Bauser,Drogomyśl,243500
469,Aharon Seally,Lamalewo,244000
470,Janeen Drydale,Gereneng,244500
471,Maritsa Chadd,Lingbei,245000
472,Maynard Dunmuir,Hongwansi,245500
473,Adena Menego,Wissembourg,246000
474,Mitchell Bettenay,Sala,246500
475,Gene Drinkhill,Kalunan,247000
476,Trumaine MacGaffey,Pilawa,247500
477,Octavia Lamplugh,Haoba,248000
478,Linnie Akister,Vienna,248500
479,Der Nelles,Azua,249000
480,Ulises Jenks,Lokoja,249500
481,Llywellyn Goane,Cibunar,250000
482,Conroy Skedgell,Suwon-si,250500
483,Ruperto Josey,Rostokino,251000
484,Ronald Simakov,Dong’an,251500
485,Sara Birrane,Deder,252000
486,Shana Brownsill,Halmstad,252500
487,Matilda Glamart,Aomori Shi,253000
488,Thebault Deverall,Lubaczów,253500
489,Moses Bergeau,Taypano,254000
490,Celestyn Winchurch,Tiancheng,254500
491,Mac Blofeld,Khotynets,255000
492,Desirae Beesley,Ziway,255500
493,Noah Curran,Songkan,256000
494,Joellen Louis,Daying,256500
495,Lacey Aspinal,Uryupinsk,257000
496,Lesya Puzey,Tempurejo,257500
497,Willi Whitebrook,Fram,258000
498,Salomo Bosanko,Kosonsoy Shahri,258500
499,Demott Vesco,Achadinha,259000
500,Astrix Giacopetti,Twyford,259500
501,Agnella Boughey,Sukamaju,260000
502,Will Cauthra,San Nicolás,260500
503,Torrence Decayette,Alpedrinha,261000
504,Gustavo Overstall,Tottori,261500
505,Gilberta Pellew,Komono,262000
506,Nerte Berndtsson,Dukuhtengah,262500
507,Julio Craddy,Sindangpanji,263000
508,Sela Denty,Ussel,263500
509,Anetta McGillicuddy,Bom Jesus dos Perdões,264000
510,Kenyon Delahunty,Owczarnia,264500
511,Piggy Barca,Xin’andu,265000
512,Eunice Kildea,Doujia,265500
513,Rafe Armatage,Minneapolis,266000
514,Fiann Eric,Nueva Esperanza,266500
515,Devina Gaspero,Shiqian,267000
516,Corny Battelle,Debesy,267500
517,Emalee Jorczyk,Nunguan,268000
518,Charin Basketfield,Delft,268500
519,Giustina Kingston,Cárdenas,269000
520,Ansel Callcott,Rubio,269500
521,Morlee Cahani,Cikuray,270000
522,Perry Summers,Jiaowei,270500
523,Cloe Blinder,Rattanaburi,271000
524,Merry Townsend,Sampaloc,271500
525,Thacher Devennie,Carhuamayo,272000
526,Darline MacPharlain,Höganäs,272500
527,Rayshell Baskett,Petrovsk,273000
528,Delly Braferton,Talisay,273500
529,Garrot Benezeit,Gersikputih Tengah,274000
530,Burl Boulsher,Savé,274500
531,Guillaume Creer,Tatuí,275000
532,Anson Ruhben,Sundsvall,275500
533,Arnaldo Borthwick,Azua,276000
534,Douglass Mix,Talghar,276500
535,Davin Tolhurst,Inderka,277000
536,Karmen Madner,Dalupirip,277500
537,Wallis Yitzhak,Karasgede,278000
538,Blaire Shenton,Talon,278500
539,Marys Benley,Dushan,279000
540,Benny Gronou,Ruše,279500
541,Padgett Pilipyak,Charlottenberg,280000
542,Ezequiel Duffill,Ilaya,280500
543,Barrett Klimas,Warmare,281000
544,Roselin Pedri,Austin,281500
545,Emmett Dewing,Lendan,282000
546,Ester St. Clair,Daping,282500
547,Julianne Marjanski,Breda,283000
548,Marylin Aizikovitz,Juancheng,283500
549,Flinn Spragg,Koksovyy,284000
550,Loree Klemke,Raksajaya,284500
551,Brok Huckabe,Martapura,285000
552,Lars McNirlan,Xiaochuan,285500
553,Saraann Base,Kassel,286000
554,Brenda Mart,Phon Charoen,286500
555,Robbyn Paynes,Kansas City,287000
556,Cori Goodby,Rio de Moinhos,287500
557,Tanner Allridge,Aksu,288000
558,Durand Hickinbottom,Dangjiaxian,288500
559,Flem Sneden,As Salţ,289000
560,Hallie Jime,Puerto Tejada,289500
561,Shep Rottcher,Tsenher,290000
562,George Gartery,San Cristobal,290500
563,Collette Baulk,Pogwizdów,291000
564,Jaclin Very,Dukou,291500
565,Roselle Coton,Keda,292000
566,Glendon Simmins,Boisbriand,292500
567,Donia Henker,Matsuyama,293000
568,Britni Faithorn,Balangonan,293500
569,Haze MacMurray,Gondang,294000
570,Derron Bowld,Ōtawara,294500
571,Salvador Como,Gogaran,295000
572,Valli Dureden,Mpigi,295500
573,Ida Chastaing,Hecun,296000
574,Mignonne Samsin,Monkey Hill,296500
575,Lenard Braznell,São Martinho de Árvore,297000
576,Rhona Collibear,Västanfjärd,297500
577,Elwira Keary,Pavlovskaya,298000
578,Olva Eustace,Anahawan,298500
579,Pierson Tredinnick,Xintian,299000
580,Guthry Aggiss,Eg-Uur,299500
581,Diahann Dubble,Butahai,300000
582,Stinky Normanville,Phủ Thông,300500
583,Tedi Callington,Lengji,301000
584,Steffie Flello,Khlong Yai,301500
585,Delaney Saph,Shatoujiao,302000
586,Datha Mennear,Tungoo,302500
587,Codie Tucknutt,Shatalovo,303000
588,Perceval Challoner,Boucinhas,303500
589,Christen Fildes,Sourotí,304000
590,Leyla Belone,Grand Bank,304500
591,Dario Wildes,Longaví,305000
592,Nelie Challicombe,Mlawat,305500
593,Roanna Boynton,Nong Phok,306000
594,Chantalle Gauford,Baganha,306500
595,Gunner Buse,Nepomuceno,307000
596,Cam Duran,Krzeszów,307500
597,Gusty Melior,Sendang,308000
598,Eloisa Kernock,Linhu,308500
599,Powell Seear,Beaufort,309000
600,Bartholomeus McKomb,Bobowo,309500
601,Grethel Batistelli,Zhongxi,310000
602,Burgess Hess,Utena,310500
603,Barbara Craigmyle,Columbus,311000
604,Ginevra Frayne,Mutsu,311500
605,Romonda Rafter,Ddmashen,312000
606,Penny MacCallester,Sevilla,312500
607,Jacky Sinney,Lammi,313000
608,Gladi Klimko,Aulnay-sous-Bois,313500
609,Riley McGucken,Aguilar,314000
610,Gabe Scoggan,Barra de São Francisco,314500
611,Sheree Rising,Chelgard,315000
612,Douglass Margarson,Venustiano Carranza,315500
613,Gertrud Coghlan,Wuhe Chengguanzhen,316000
614,Melly Kellet,Ketapang,316500
615,Marlon Newbatt,Rancapanjang,317000
616,Netta Yele,Guayabal,317500
617,Mel McLeese,Banho e Carvalhosa,318000
618,Cody Blackburne,Lang Suan,318500
619,Lemmie Bullivent,Santa Rita,319000
620,Natasha Muzzlewhite,Santiago Puringla,319500
621,Nero Bernt,Lumbatan,320000
622,Niven Fulbrook,Zhujiatai,320500
623,Rene Greatham,Bordeaux,321000
624,Ree Rontree,Khotynets,321500
625,Morgun McDougall,Tateyama,322000
626,Brocky Hostan,San Lorenzo,322500
627,Rollin Cleverly,Alua,323000
628,Phillipp Tithacott,Kiboga,323500
629,Raina Hourican,Gocoton,324000
630,Justinn Dondon,Binzhou,324500
631,Jandy Soldner,Pradera,325000
632,Franz Finnick,Cankuzo,325500
633,Merrick Havvock,Salinggara,326000
634,Wash Smiz,Changshengqiao,326500
635,Gerda Helleckas,Pouso Alegre,327000
636,Melessa Guyer,Donja Dubica,327500
637,Padraig Ensley,Krajan,328000
638,Deva Briance,København,328500
639,Ceil Cade,Floreşti,329000
640,Lydia Schuricht,Alès,329500
641,Saunders Hinrichsen,Gzy,330000
642,Eliza Beavors,Itbayat,330500
643,Renaud Cammish,Kajan,331000
644,Kristian McLise,Lakki Marwat,331500
645,Salomone Petch,Hilversum,332000
646,Carr Stanborough,Troyes,332500
647,Cristian Puttick,Bantarjati,333000
648,Llewellyn Hawsby,Bol’shoy Kamen’,333500
649,Corbin Kroch,Gyumri,334000
650,Elfrida Maty,Schiedam postbusnummers,334500
651,Alayne Towsey,Tangwu,335000
652,Pattie Lepick,Provatás,335500
653,Alec Aliberti,Farsta,336000
654,Reuven Eighteen,Wanganui,336500
655,Lynnett Ody,Kherson,337000
656,Donnell Busk,Shaxi,337500
657,Nikita Angrock,Sirnaresmi,338000
658,Conrad Farthing,Ugljevik,338500
659,Katherina Caddock,Dachong,339000
660,Ky Schiefersten,Hexi,339500
661,Saidee Beatty,Granja,340000
662,Doloritas Sudell,Cuchumbaya,340500
663,Cayla Saurin,Temenggungan,341000
664,Blair Newrick,North Little Rock,341500
665,Jo-anne Bugden,Garahaji,342000
666,Berkly Fleming,Thị Trấn Bắc Yên,342500
667,Jules Fulcher,Khondāb,343000
668,Mavra Paoletto,Shibganj,343500
669,Maisey Grisdale,Tulu Bolo,344000
670,Orazio Caddock,Selemadeg Kelod,344500
671,Aurthur Skettles,Yuetang,345000
672,Kamila Madgett,Gadžin Han,345500
673,Heidi Blay,Vetluga,346000
674,Gaynor Ely,Shijiazhai,346500
675,Gweneth Bizley,Chyhyryn,347000
676,Kirstin Minshaw,Chadan,347500
677,Rochella Brandassi,Sayaq,348000
678,Norton Mapam,Dallas,348500
679,Bethena Conibeer,Gingsir,349000
680,Drusi Carlesi,Mantang,349500
681,Ivor Sarginson,Prostki,350000
682,Ynez Kornel,Akouda,350500
683,Rock Biggam,Xinjian,351000
684,Gratiana Osgar,Tanumshede,351500
685,Charlot Sheilds,Purísima,352000
686,Teddy Helder,Kangxung,352500
687,Meggy Vedenisov,Kushar,353000
688,Warren Puffett,Biny Selo,353500
689,Rosemary Gregolotti,Hanting,354000
690,Christiana Endrici,Urek-urek,354500
691,Clark Mattingley,Puget-sur-Argens,355000
692,Fair Rechert,Beihuaidian,355500
693,Jessee Leverage,Uhniv,356000
694,Leonore Hothersall,Porto Alto,356500
695,Artus Surmon,Jāsim,357000
696,Bronson Brotherwood,Moorreesburg,357500
697,Jarrett Summerly,Kharkhorin,358000
698,Gloria Deem,Yubileynyy,358500
699,Cindi Scrase,Dazu,359000
700,Isabelita Cornelissen,Jifnā,359500
701,Stephannie Janzen,Santa Cruz del Norte,360000
702,Giana Chown,Paris La Défense,360500
703,Janean Fairney,Sandefjord,361000
704,Allayne Clere,Asadābād,361500
705,Krystal Smitham,Yonghe,362000
706,Blake Salasar,El Retiro,362500
707,Nerita Beever,Lanxi,363000
708,Bernadina Lehmann,Zaječí,363500
709,Joyce Livick,Shiren,364000
710,Ali Gove,Belang,364500
711,Myca Rippin,Qingfenglin,365000
712,Margarette Scourgie,Dacheng,365500
713,Harlan Wegenen,Pereira Barreto,366000
714,Madeline Whawell,Sendafa,366500
715,Bondie Graham,Kwangyang,367000
716,Gil Elfleet,Pejek,367500
717,Alaster Grigoli,Valence,368000
718,Burty Severwright,Deqing,368500
719,Shay Moakler,‘Aşīrah al Qiblīyah,369000
720,Claybourne Gligori,Orguz,369500
721,Conni Peascod,La Sebala du Mornag,370000
722,Sibby Daber,Bulumulyo,370500
723,Oby Bousler,Guadalupe,371000
724,Burt Churchouse,Yartsevo,371500
725,Augustin Mauditt,Montluçon,372000
726,Othello Pieterick,Abidjan,372500
727,Nicole O'Growgane,Riangbaring,373000
728,Cynthia Maton,Ta’ Xbiex,373500
729,Chris Ellery,Santa Cruz,374000
730,Sinclair Gummie,Celorico de Basto,374500
731,Freddi Shipway,Criação Velha,375000
732,Denver Avis,Davila,375500
733,Rafael Speechly,Bumpe,376000
734,Morse Tregenza,Chợ Lầu,376500
735,Roxi Saxon,Mandal,377000
736,Jen Manuaud,Kizel,377500
737,Lucila Sherreard,Ḩuraytān,378000
738,June Agget,Bangker,378500
739,Jocelin Duthie,Sanyantang,379000
740,Malorie Clemoes,Korczew,379500
741,Sutton Casini,Kotabaru Hilir,380000
742,Bambie Convery,Dupnitsa,380500
743,Innis Beves,Saint Helier,381000
744,Donna Mechell,Kastélli,381500
745,Ingeborg Barca,Luzern,382000
746,Guendolen Andrez,Suwangi Utara,382500
747,Chiarra Vispo,Uchaly,383000
748,Aeriell Hotson,Hongjia,383500
749,Yolande Skudder,Babushkin,384000
750,Lorne Demkowicz,Tangchi,384500
751,Harwell Harry,Daji,385000
752,Christian Jurasz,Hekou,385500
753,Alvera Knutsen,Wates,386000
754,Sidoney Giacopello,Pliska,386500
755,Cheston Beltzner,Shimen,387000
756,Judd Cattini,Jianggang,387500
757,Krysta Suttaby,Matsubase,388000
758,Betta Gutcher,Citampian,388500
759,Onofredo Ibbetson,Pittsburgh,389000
760,Ellerey Kilmary,Sucre,389500
761,Pooh Carleman,Eskilstuna,390000
762,Ariana Burgher,Nurlat,390500
763,Valaree Lampet,Néa Pélla,391000
764,Belvia Stieger,Xiakouyi,391500
765,Mayor Possa,Semboropasar,392000
766,Chaddie Odda,Kaliuda,392500
767,Florenza De Morena,Tong’an,393000
768,Winny Gaymer,Mulhouse,393500
769,Natalie Prati,Sergokala,394000
770,Verne Coare,Acobambilla,394500
771,Charmine Minger,Solotcha,395000
772,Kippy Yoseloff,Catia La Mar,395500
773,Ikey Preene,Drahovo,396000
774,Lynelle Patriskson,Tranca,396500
775,Lynde Ivett,Olovyannaya,397000
776,Jacky Hanson,Kadubadak,397500
777,Mirilla MacDowall,Nogueira da Regedoura,398000
778,Ricardo Asbury,Thị Trấn Than Uyên,398500
779,Sigismundo Ogilvy,Quşrah,399000
780,Shaylyn Hymers,Tucson,399500
781,Raynell Poletto,Bal Chirāgh,400000
782,Thatch Cantwell,Eslöv,400500
783,Morgen Wenzel,Paris 02,401000
784,Toiboid Rainon,Krasica,401500
785,Teddy Ickowicz,Rakhmanovo,402000
786,Hubie Armfirld,Troyits’ke,402500
787,Lyell Kintzel,Kaura Namoda,403000
788,Jobina Bruna,Boka,403500
789,Ava Gregoletti,Provatás,404000
790,Meredithe Aleksidze,Itajubá,404500
791,Danny Joye,Esmoriz,405000
792,Nikolaos Fawdry,Soreang,405500
793,Yelena Betser,Romba,406000
794,Greg Keller,Zlatni Pyasatsi,406500
795,Scott Muckart,Wanling,407000
796,Cyril Pessolt,Zarzis,407500
797,Orin Jochanany,Lingyuan,408000
798,Mariya Phizacklea,Cofimvaba,408500
799,Kerri Merrell,Cinunjang,409000
800,Nixie Killick,Krasnaya Polyana,409500
801,Lily Corbett,Champaign,410000
802,Milicent Geggie,Nartkala,410500
803,Charmane Quadri,Lipljan,411000
804,Emmey Gee,Cibolang,411500
805,Elsbeth Timoney,Milwaukee,412000
806,Chariot Walkden,Aranitas,412500
807,Dmitri O' Hogan,Luodian,413000
808,Doug Gadaud,Düsseldorf,413500
809,Johannah Woakes,Malanje,414000
810,Britney Ferrarin,Leiling,414500
811,Percival Adnett,Nowe,415000
812,Garrot Wackly,Yueyahe,415500
813,Demetre Swindells,Sukumo,416000
814,Dara Garretts,Delgerhaan,416500
815,Zarla Coombs,Bobigny,417000
816,Wolfie Severwright,Nova Era,417500
817,Gladi Life,Albi,418000
818,Thorstein Culham,Andorinha,418500
819,Mylo Ivashechkin,Cikaduen,419000
820,Nora Scamwell,Bukabu,419500
821,Bibby Kubalek,Alor Setar,420000
822,Quinn Dislee,Simpang,420500
823,Rozella Tulip,Nagato,421000
824,Otto Ivashev,Belo Blato,421500
825,Anabel Smidmor,Zhangpu,422000
826,Lorne Opy,Lokwabe,422500
827,Hal Orrock,Sliema,423000
828,Barri Rosendahl,Vawkavysk,423500
829,Janifer Bunker,Juegang,424000
830,Anestassia Kraft,Thị Trấn Mường Tè,424500
831,Thatch Gladtbach,Ińsko,425000
832,Marji Esslement,Berlin,425500
833,Anselma Philipart,Baojiadian,426000
834,Helen Hourigan,San Carlos,426500
835,Joice Bladesmith,Xitou,427000
836,Alyss Higgen,Shulan,427500
837,Rosalinde Caselli,Wādī Raḩḩāl,428000
838,Scotti Ashcroft,Aveiras de Cima,428500
839,Fergus Grigorian,Bellavista,429000
840,Cyndi Cleminson,Dobřív,429500
841,Shem Pilmer,Linköping,430000
842,Julee Blofield,Kurmanayevka,430500
843,Judye Wilcott,Oujiangcha,431000
844,Janka McKall,Qilin,431500
845,Cherish Georgeot,Dallas,432000
846,Augustin Hulatt,Al Muharraq,432500
847,Danella Kaming,Parigi,433000
848,Atlanta Wheatcroft,Kolumbug,433500
849,Wini Hefner,Yuktae-dong,434000
850,Alfreda Leglise,Xinmin,434500
851,Rutledge Roote,Dalongtan,435000
852,Brear Sculpher,Pôrto Barra do Ivinheima,435500
853,Fayre Lomond,Kham Sakae Saeng,436000
854,Jerry Pandie,Longtian,436500
855,Sara Wheelan,Svetlyy,437000
856,Giustina Kardos,Święciechowa,437500
857,Marcelo Villa,Paucarbamba,438000
858,Alric Coldbreath,Portland,438500
859,Leonelle Ellesmere,Tchaourou,439000
860,Hendrick Gooderidge,Kompaniyivka,439500
861,Angelita Howell,La Asunción,440000
862,Kane Coyne,Tipo-Tipo,440500
863,Nikoletta Dealtry,Altan Emel,441000
864,Floyd Dufaire,Jatirejo,441500
865,Mattheus Yearne,Helsingborg,442000
866,Lauree Nornasell,Huesca,442500
867,Devy Askey,Wete,443000
868,Roderic Gave,Montpellier,443500
869,Buiron Stockle,Levashi,444000
870,Maisie Midgley,Magaozhuang,444500
871,Carter Aspray,Miami,445000
872,Perry Sissel,Wolonio,445500
873,Alana Gouldstraw,Krajan Tegalombo,446000
874,Janina Demare,Fenglin,446500
875,Flem Reames,Tanjung Raja,447000
876,Steffane Jobling,Santana do Ipanema,447500
877,Cross Jancic,Zgłobień,448000
878,Arel Gelardi,Santa Ana Huista,448500
879,Evelina Skyppe,Kahuripan,449000
880,Hortensia Roseveare,Lidingö,449500
881,Uriel Tucker,Suwalan,450000
882,Thorsten Douty,Azueira,450500
883,Eartha Melloi,London,451000
884,Pieter Planke,Tarragona,451500
885,Winni Thirlwall,Obodivka,452000
886,Livia Martins,Kedung,452500
887,Carlota Landrieu,Limoncito,453000
888,Hana Culp,Ikoma,453500
889,Carlyn Shucksmith,Gaoqiaolou,454000
890,Korie Samms,Isfana,454500
891,Colleen Boydell,Baitu,455000
892,Florri Stavers,Mitú,455500
893,Shanna Ladley,Bungereng,456000
894,Hatti Moran,Shambu,456500
895,Orton Woolnough,Sernancelhe,457000
896,Gerik Gauge,Lunyuk Ode,457500
897,Evered Brack,Portalegre,458000
898,Arielle Garrard,Odolena Voda,458500
899,Moises Hamberstone,Kailahun,459000
900,Sabrina Bridson,Maralal,459500
901,Theodoric Lomen,Saint Aubin,460000
902,Zarla Wortman,Shibetsu,460500
903,Humbert Cawsby,Caxarias,461000
904,Daffie Maytom,Chifeng,461500
905,Randene O'Corr,Opochka,462000
906,Karlotta Peoples,Sancha,462500
907,Ringo Sivewright,Muraharjo,463000
908,Jarvis Bedberry,Gambiran,463500
909,Selie Meth,Río Tercero,464000
910,Ruthann Dopson,Siwa Oasis,464500
911,Tabbie Longman,Guararapes,465000
912,Kerwin Pygott,Riebiņi,465500
913,Davina MacGowing,Greystones,466000
914,Bryant Massinger,Toyohama,466500
915,Christyna Howgate,Cataguases,467000
916,Karlee Von Welldun,Canguçu,467500
917,Court Lackeye,Vinces,468000
918,Sibilla Dack,Sembakung,468500
919,Emmett Hucke,Yuannan,469000
920,Zarah Symms,Kirkton,469500
921,Keri Timson,Dobrzeń Wielki,470000
922,Letti Crain,Jinjiang,470500
923,Lorant Espada,Calçada,471000
924,Moll Murrie,Kabasalan,471500
925,Kimmie Wharby,Schellenberg,472000
926,Theo Bes,Chapecó,472500
927,Shurlock Poulden,Sīnah,473000
928,Raff Sagg,Poljčane,473500
929,Kevin Janusik,Dallas,474000
930,Gawain Svanetti,Chincha Baja,474500
931,Efren Maffulli,Toulouse,475000
932,Rem Grealish,Ziębice,475500
933,Mohandis Napthine,Tucdao,476000
934,Vladimir Yoslowitz,Priyutovo,476500
935,Melesa Pygott,Tomorlog,477000
936,Hanson Blakden,Banī Khaddāsh,477500
937,Levey Chetwynd,Manyava,478000
938,Brandy Ellington,Humaitá,478500
939,Humfried Breit,Posadas,479000
940,Nathanil Bradshaw,Buni Yadi,479500
941,Shelley Dewerson,Kanganpur,480000
942,Padgett Sherebrook,Nueva Guinea,480500
943,Gregory Chaundy,Pampas,481000
944,Danette Porteous,Sacramento,481500
945,Mart Andreasen,Sidzina,482000
946,Meir Geater,Karangsari,482500
947,Florella Waldren,Guangping,483000
948,Deerdre Labat,Kamionka Wielka,483500
949,Rosana Destouche,Kislyakovskaya,484000
950,Royce Pollitt,Anyar,484500
951,Ardella Phinnis,Bécancour,485000
952,Valentin Brimblecomb,Toshloq,485500
953,Karylin Dancey,Hakodate,486000
954,Nathanael Shackesby,Teluksantong,486500
955,Gweneth Glover,Paramaribo,487000
956,Shayla Marcum,Masingbi,487500
957,Row Janusik,Banjeru,488000
958,Darby Uren,Nagbukel,488500
959,Forbes Bather,Morocelí,489000
960,Tildi Silby,Ulee Gle,489500
961,Kenn Brotherick,Bherāmāra,490000
962,Reinaldos Rollett,Shpola,490500
963,Desiri Merwe,Vällingby,491000
964,Dolores Patemore,Staraya Ladoga,491500
965,Shannah Di Biasio,Zhaiwu,492000
966,Bartel Fairnington,Kamensk-Shakhtinskiy,492500
967,Moises McKay,Nehe,493000
968,Magdalena Maharey,Nanhai,493500
969,Peirce Poulsum,Motge,494000
970,Pavel Vipan,Čair,494500
971,Myrle Branchet,Gaoliban,495000
972,Lauree Dumini,Tuymazy,495500
973,Cordi Reese,Strezhevoy,496000
974,Innis Souza,Jaguarari,496500
975,Chad Fairbanks,Portland,497000
976,Eustace Weatherburn,Iberia,497500
977,Tudor Hessing,Bella Vista,498000
978,Adrienne Prewer,Chotcza,498500
979,Lucy Ygoe,Mosteiro,499000
980,Ambrosio Plaskitt,Foxton,499500
981,Karlen Walas,Huangjia,500000
982,Vasily MacSkeaghan,Yuncheng,500500
983,Cullan Licas,Zabaykal’sk,501000
984,Dore Cooney,Lyubashivka,501500
985,Jasmine Bovingdon,Jiazi,502000
986,Ray Epton,Emiliano Zapata,502500
987,Derron Frier,Korostyshiv,503000
988,Felisha Castelijn,Dumaguete,503500
989,Lorettalorna Konig,Villa Alemana,504000
990,Anthiathia Ragbourn,Kangar,504500
991,Ronald Abby,Mubende,505000
992,Tabbi Galland,Itacurubí del Rosario,505500
993,Melony Gledhill,Barraute,506000
994,Millard Simionescu,Salvacion,506500
995,Carrol Drogan,Xikou,507000
996,Benn Capel,Montelíbano,507500
997,Daffi Leaning,Zhangcaizhuang,508000
998,Gaby Culpan,Minneapolis,508500
999,Jinny Yanson,Castanheira de Pêra,509000
1000,Benson Closs,Gaoping,509500
